Legajo,Apellido y Nombre,Estado,Categoría,Frente (Lugar de Trabajo),Nomenclador,GORRAS/LENTES,CHOMBAS,PANTALON,CAMISA,REMERA,CAMPERA /EQ. LLUVIA,CALZADO,CHALECOS
1,x1,Activo,OF. ESPECIALIZADO,CONSERVACION,MAV,T/U,XXL,52,48,XXL,XXL,42,XXL
2,x2,Activo,OF. ESPECIALIZADO,CONSERVACION,MAV,T/U,M,42,42,M,L,39,L
3,x3,Activo,OF. ESPECIALIZADO,CONSERVACION,MAV,T/U,XL,50,48,XL,XL,44,XXL
4,x4,Activo,OF. ESPECIALIZADO,CONSERVACION,MAV,T/U,L,46,46,L,L,43,L
5,x5,Activo,OF. ESPECIALIZADO,TALLER,MAVA-T,T/U,XL,44,,XL,XL,45,XL
6,x6,Activo,OF. ESPECIALIZADO,CONSERVACION,MAV,T/U,L,50,46,L,XL,40,XL
7,x7,Activo,MEDIO OFICIAL,CONSERVACION,MAV,T/U,M,42,40,M,M,39,L
8,x8,Activo,OF. ESPECIALIZADO,CONSERVACION,MAV,T/U,XL,48,50,XL,XL,44,XXL
9,x9,Activo,OF. ESPECIALIZADO,CONSERVACION,MAV,T/U,M,44,42,M,M,39,L
10,x10,Activo,SUPERVISOR CONSERVACION,CONSERVACION,SJU,T/U,XXXL,62,56,XXXL,XXXL,45,XXXL
11,x11,Activo,OF. ESPECIALIZADO,CONSERVACION,MAV,T/U,XL,50,48,XL,XL,42,XL
12,x12,Activo,OF. ESPECIALIZADO,CONSERVACION,MAV,T/U,XXL,48,46,XXL,XXL,45,XXL
13,x13,Activo,OF. ESPECIALIZADO,CONSERVACION,MAV,T/U,XL,48,46,XL,XL,42,XL
14,x14,Activo,OFICIAL,CONSERVACION,MAV,T/U,M,42,42,M,XL,40,XL
15,x15,Activo,OFICIAL,CONSERVACION,MAV,T/U,XXL,50,50,XXL,XXL,42,XXL
16,x16,Activo,OFICIAL,CONSERVACION,MAV,T/U,L,46,42,L,XL,40,XL
17,x17,Inactivo,OFICIAL,CONSERVACION,MAV,T/U,M,44,42,M,XL,42,XL
18,x18,Activo,OFICIAL,CONSERVACION,MAV,T/U,XL,44,44,XL,XL,42,XL
19,x19,Activo,OFICIAL,CONSERVACION,MAV,T/U,XXL,50,48,XXL,XL,44,XL
20,x20,Activo,OFICIAL,CONSERVACION,MAV,T/U,XL,44,44,XL,XL,41,XL
21,x21,Activo,OFICIAL,CONSERVACION,MAV,T/U,XXL,50,48,XXL,XXL,43,XL
22,x22,Activo,OF. ESPECIALIZADO,CONSERVACION,MAV,T/U,XXl,50,46,XXL,XL,43,XL
23,x23,Activo,OF. ESPECIALIZADO,CONSERVACION,MAV,T/U,XXL,54,46,XXL,XXL,44,XL
24,x24,Activo,OF. ESPECIALIZADO,CONSERVACION,MAV,T/U,XL,50,44,XL,XL,41,XL
25,x25,Activo,OF. ESPECIALIZADO,CONSERVACION,MAV,T/U,XXL,56,50,XXL,XXL,44,XXL
26,x26,Activo,OFICIAL,CONSERVACION,MAV,T/U,L,46,46,L,XL,42,XL
27,x27,Activo,AYUDANTE,TALLER,MAVA-T,T/U,L,42,,L,L,41,XL
28,x28,Activo,OF. ESPECIALIZADO,CONSERVACION,MAV,T/U,XL,48,48,XL,XL,41,XL
29,x29,Activo,AYUDANTE,OFICINA,SJO,T/U,L,44,44,L,L,42,L
30,x30,Activo,OFICIAL,CONSERVACION,MAV,T/U,L,46,44,L,XL,41,XL
31,x31,Activo,AYUDANTE,CONSERVACION,MAV,T/U,L,44,44,L,L,43,L
32,x32,Activo,OF. ESPECIALIZADO,CONSERVACION,MAV,T/U,XL,52,48,XL,XL,41,XL
33,x33,Activo,OF. ESPECIALIZADO,CONSERVACION,MAV,T/U,M,46,44,M,XL,41,XL
34,x34,Activo,OF. ESPECIALIZADO,CONSERVACION,MAV,T/U,XXL,54,48,XXL,XXL,43,XXL
35,x35,Activo,OF. ESPECIALIZADO,CONSERVACION,MAV,T/U,XXL,50,46,XXL,XXL,40,XL
36,x36,Activo,OFICIAL,CONSERVACION,MAV,T/U,XXXL,52,52,XXXL,XXXL,41,XXXL
37,x37,Activo,OFICIAL,CONSERVACION,MAV,T/U,XXL,50,46,XXL,XXL,41,XXL
38,x38,Activo,OFICIAL,CONSERVACION,MAV,T/U,XXXL,56,54,XXXL,XXXL,41,XXXL
39,x39,Activo,OFICIAL,CONSERVACION,MAV,T/U,XXL,48,46,XXL,XXL,43,XXL
40,x40,Activo,AYUDANTE,CONSERVACION,MAV,T/U,XL,46,44,XL,XL,44,XL
41,x41,Activo,AYUDANTE,CONSERVACION,MAV,T/U,XXL,48,48,XXL,XXL,42,XXL
42,x42,Activo,AYUDANTE,CONSERVACION,MAV,T/U,L,48,42,L,L,41,M
43,x43,Activo,MEDIO OFICIAL,CONSERVACION,MAV,T/U,M,44,42,M,XL,42,XL
44,x44,Activo,OF. ESPECIALIZADO,CONSERVACION,MAV,T/U,XL,44,44,XL,XL,41,XL
45,x45,Activo,AYUDANTE,CONSERVACION,MAV,T/U,M,44,42,M,L,40,XL
46,x46,Activo,OF. ESPECIALIZADO,CONSERVACION,MAV,T/U,XL,46,42,XL,L,42,L
47,x47,Activo,AYUDANTE,CONSERVACION,MAV,T/U,L,44,44,L,XL,43,XL
48,x48,Activo,OF. ESPECIALIZADO,TALLER,MAVA-T,T/U,M,38,,M,M,39,M
49,x49,Activo,AYUDANTE,CONSERVACION,MAV,T/U,XL,46,46,XXl,XXL,42,XL
50,x50,Activo,30 SUBGERENTE DE OBRAS,OFICINA,SJO,T/U,L,44,44,L,L,43,L
51,x51,Activo,20 AGRIMENSOR OBRAS,OFICINA,SJO,T/U,XXL,48,41/42,XXL,XXL,43,XXL
52,x52,Activo,10 SUP. DE CALIDAD (LABORATORI,OFICINA,SJO,T/U,XL,46,44,XL,L,41,L
53,x53,Activo,SEGURIDAD VIAL,SERVICIO,AGV,T/U,L,44,0,L,L,42,L
54,x54,Activo,SUPERVISOR CONSERVACION,CONSERVACION,SJU,T/U,XL,46,,XL,XL,44,XL
55,x55,Activo,COBRADOR,ESTACION A,CAJ,T/U,XL,44,0,XL,L,37,M
56,x56,Activo,JEFE DE ESTACION 1,ESTACION A,JEF-M,T/U,M,42,44,L,L,38,L
57,x57,Activo,SUPERVISOR,ESTACION A,SPTH,T/U,XL,46,44,XL,XL,44,XL
58,x58,Activo,ADM. DE ESTACION,ESTACION A,ADMV,T/U,XXL,50,46,XXL,XXL,43,XXL
59,x59,Activo,SUPERVISOR,ESTACION A,SPTH,T/U,L,44,40,L,L,42,L
60,x60,Activo,ADM. DE ESTACION,ESTACION A,ADMM,T/U,XL,52,52,XL,XL,38,XL
61,x61,Activo,LABORATORISTA 1,OFICINA,SJO,T/U,XL,50,,XL,XXL,43,L
62,x62,Activo,TP COBRADOR,ESTACION A,CAJ,T/U,M,46,0,M,M,41,M
63,x63,Activo,SUB GERENTE OPERACIONES CVIA,ESTACION A,JEF-H,T/U,L,44,44,L,L,42,L
64,x64,Activo,SUPERVISOR,ESTACION A,SPTM,T/U,S,42,44,S,S,39,S
65,x65,Activo,SEGURIDAD VIAL,SERVICIO,AGV,T/U,XL,54,0,XL,XL,41,XL
66,x66,Activo,RADIOP. LOCUTOR,RADIO AM,LOC,T/U,S,42,0,0,M,37,M
67,x67,Activo,COBRADOR,ESTACION D,CAJ,T/U,L,46,0,L,L,38,L
68,x68,Activo,JEFE TALLER,TALLER,MAVA-T,T/U,XXXXL,52,,XXXXL,XXXXL,44,XL
69,x69,Activo,MANTENIMIENTO,SERVICIO,MAN,T/U,XXXXXL,58,58,XXXXXL,XXXXXL,44,XXXXXL
70,x70,Activo,RADIOPERADOR,SERVICIO,CAE,T/U,XL,46,0,0,XL,41,XL
71,x71,Activo,SERVICIOS GRALES,ESTACION A,SEG,T/U,L,44,42,L,L,43,L
72,x72,Activo,MANTENIMIENTO,ESTACION A,MAN,T/U,L,44,42,L,L,43,L
73,x73,Activo,ADM. DE ESTACION,COMERCIAL,ADMM-MDP,T/U,M,40,48,M,M,38,M
74,x74,Activo,TESORERO,ESTACION A,SPTM,T/U,M,44,46, ,M,37,L
75,x75,Activo,EV. SEGURIDAD VIAL,SERVICIO,AGV,T/U,L,46,0,L,L,40,L
76,x76,Activo,COBRADOR,ESTACION A,CAJ,T/U,M,44,0,M,M,39,L
77,x77,Activo,TP COBRADOR,ESTACION A,CAJ,T/U,S,40,0,S,S,36,S
78,x78,Activo,COBRADOR,ESTACION A,CAJ,T/U,XL,50,0,XL,XL,40,M
79,x79,Activo,TP COBRADOR,ESTACION A,CAJ,T/U,M,40,0,M,M,36,M
80,x80,Activo,COBRADOR,ESTACION A,CAJ,T/U,M,44,0,M,M,39,M
81,x81,Activo,COBRADOR,ESTACION A,CAJ,T/U,XL,46,0,L,L,41,L
82,x82,Activo,ADM. DE ESTACION,ESTACION A,ADMM,T/U,XXL,52,52,XXL,XL,38,XL
83,x83,Activo,COBRADOR,ESTACION A,CAJ,T/U,XS,40,0,XS,S,35,S
84,x84,Activo,ADM. DE ESTACION,COMERCIAL,ADMM-MDP,T/U,XS,40,0,XS,S,35,S
85,x85,Activo,TESORERO,ESTACION A,SPTH,T/U,L,42,42,L,L,42,L
86,x86,Activo,RADIOP. LOCUTOR,RADIO AM,LOC,T/U,L,46,0,0,L,38,L
87,x87,Activo,SUPERVISOR,SERVICIO,SPTH-VIAL,T/U,M,42,42,M,M,42,M
88,x88,Activo,SEGURIDAD VIAL,SERVICIO,AGV,T/U,XL,46,0,XL,XL,42,XL
89,x89,Activo,SEGURIDAD VIAL,SERVICIO,AGV,T/U,S,42,0,S,S,42,S
90,x90,Activo,TP COBRADOR,ESTACION A,CAJ,T/U,S,40,0,S,S,37,S
91,x91,Inactivo,COBRADOR,ESTACION A,CAJ,T/U,XL,46,0,XL,L,42,M
92,x92,Activo,TP COBRADOR,ESTACION A,CAJ,T/U,M,44,0,M,M,37,S
93,x93,Activo,TP COBRADOR,ESTACION A,CAJ,T/U,S,42,0,S,S,36,S
94,x94,Activo,SUPERVISOR,ESTACION A,SPTH,T/U,XL,50,44,0,XL,43,XL
95,x95,Activo,TP COBRADOR,ESTACION A,CAJ,T/U,S,42,0,S,S,39,S
96,x96,Activo,TP COBRADOR,ESTACION A,CAJ,T/U,XL,52,0,XL,L,37,L
97,x97,Activo,ADM. DE ESTACION,ESTACION A,ADMM,T/U,M,44,46,M,M,36,M
98,x98,Inactivo,TP COBRADOR,ESTACION A,CAJ,T/U,M,44,0,M,M,41,M
99,x99,Activo,TP COBRADOR,ESTACION A,CAJ,T/U,XL,46,0,XL,L,41,L
100,x100,Activo,ADM. DE ESTACION,SERVICIO,ADMV,T/U,M,42,42,M,M,39,M
101,x101,Activo,TP COBRADOR,ESTACION A,CAJ,T/U,L,44,0,L,L,43,M
102,x102,Activo,EV. SEGURIDAD VIAL,SERVICIO,AGV,T/U,L,44,0,L,L,43,L
103,x103,Activo,TP COBRADOR,ESTACION A,CAJ,T/U,M,40,0,M,M,41,M
104,x104,Activo,TP COBRADOR,ESTACION A,CAJ,T/U,S,38,0,S,S,37,S
105,x105,Activo,TP COBRADOR,ESTACION D,CAJ,T/U,S,40,0,S,XS,36,XS
106,x106,Activo,COORD. DE SISTEMA EN RUTA,ESTACION A,SJU,T/U,L,44,44,L,L,45,L
107,x107,Inactivo,TP COBRADOR,ESTACION A,CAJ,T/U,S,40,0,S,S,38,S
108,x108,Activo,TP COBRADOR,ESTACION A,CAJ,T/U,L,52,0,L,L,40,M
109,x109,Activo,COBRADOR,ESTACION D,CAJ,T/U,M,44,0,M,M,37,M
110,x110,Activo,TP COBRADOR,ESTACION D,CAJ,T/U,XS,34,0,XS,XS,36,XS
111,x111,Activo,TP COBRADOR,ESTACION A,CAJ,T/U,S,36,0,S,S,36,XS
112,x112,Activo,EV. MAESTRANZA,ESTACION A,MAE,T/U,M,44,42,L,L,38,M
113,x113,Activo,TP COBRADOR,ESTACION A,CAJ,T/U,S,42,0,S,S,40,S
114,x114,Inactivo,TP COBRADOR,ESTACION A,CAJ,T/U,XL,52,0,XL,L,40,L
115,x115,Activo,SEGURIDAD VIAL,SERVICIO,AGV,T/U,L,46,0,L,L,41,L
116,x116,Activo,COBRADOR,ESTACION A,CAJ,T/U,L,48,0,L,L,40,M
117,x117,Activo,TP COBRADOR,ESTACION A,CAJ,T/U,M,54,0,M,M,37,M
118,x118,Activo,TP COBRADOR,ESTACION A,CAJ,T/U,M,40,0,M,M,42,M
119,x119,Activo,EV. SEGURIDAD VIAL,SERVICIO,AGV,T/U,M,42,0,M,M,42,M
120,x120,Activo,TP COBRADOR,ESTACION A,CAJ,T/U,M,42,0,M,M,40,M
121,x121,Activo,TP COBRADOR,ESTACION A,CAJ,T/U,M,42,0,M,M,43,M
122,x122,Activo,EV. SEGURIDAD VIAL,SERVICIO,AGV,T/U,L,40,0,L,L,44,L
123,x123,Activo,TP COBRADOR,ESTACION A,CAJ,T/U,S,38,0,S,S,37,S
124,x124,Activo,COBRADOR,ESTACION A,CAJ,T/U,M,44,0,M,S,37,S
125,x125,Activo,SERVICIOS GRALES,ESTACION A,SEG,T/U,XXL,46,46,XXL,XXL,45,XL
126,x126,Activo,MANTENIMIENTO,ESTACION A,MAN,T/U,XXL,46,46,XXL,XXL,45,XL
127,x127,Activo,MANTENIMIENTO,ESTACION A,MAN,T/U,XL,48,44,XL,XL,40,XL
128,x128,Activo,MANTENIMIENTO,ESTACION A,MAN,T/U,XXL,48,46,XXL,XXL,44,XXL
129,x129,Activo,MANTENIMIENTO,ESTACION A,MAN,T/U,XL,46,44,XL,XL,42,XL
130,x130,Activo,MANTENIMIENTO,ESTACION A,MAN,T/U,XL,50,46,XL,XL,43,XL
131,x131,Activo,MANTENIMIENTO,ESTACION A,MAN,T/U,L,42,42,L,L,42,L
132,x132,Activo,SERVICIOS GRALES,ESTACION A,SEG,T/U,XXL,46,42,XXL,L,42,L
133,x133,Activo,SERVICIOS GRALES,ESTACION A,SEG,T/U,XXL,46,48,XXXL,XXL,42,XL
134,x134,Activo,TP COBRADOR,ESTACION A,CAJ,T/U,L,50,0,L,M,36,M
135,x135,Activo,TESORERO,ESTACION D,SPTH,T/U,M,42,40,M,M,40,M
136,x136,Activo,TP COBRADOR,ESTACION A,CAJ,T/U,S,40,0,S,S,38,S
137,x137,Activo,EV. SEGURIDAD VIAL,SERVICIO,AGV,T/U,S,42,0,S,S,38,S
138,x138,Activo,TESORERO,ESTACION D,SPTH,T/U,XXXXL,52,46,XXXXL,XXXXL,45,XXL
139,x139,Activo,TP COBRADOR,ESTACION A,CAJ,T/U,S,40,0,S,S,40,S
140,x140,Activo,COBRADOR,ESTACION A,CAJ,T/U,S,42,0,S,S,39,S
141,x141,Activo,EV. SEGURIDAD VIAL,SERVICIO,AGV,T/U,S,40,0,S,M,39,S
142,x142,Activo,EV. SEGURIDAD VIAL,SERVICIO,AGV,T/U,XL,46,0,XL,L,42,L
143,x143,Activo,SUPERVISOR,ESTACION C,SPTM,T/U,L,46,48,L,M,40,M
144,x144,Activo,TP COBRADOR,ESTACION A,CAJ,T/U,L,44,0,L,L,43,L
145,x145,Activo,MAESTRANZA,ESTACION A,MAE,T/U,M,44,40,M,S,38,M
146,x146,Activo,COBRADOR,ESTACION A,CAJ,T/U,M,44,0,M,S,38,M
147,x147,Activo,SOBRESTANTE DE OBRA,OFICINA,SJO,T/U,L,42,42,L,L,42,M
148,x148,Activo,COBRADOR,ESTACION A,CAJ,T/U,M,44,0,M,M,38,M
149,x149,Activo,LABORATORISTA 2,OFICINA,SJO,T/U,XL,50,48,XL,XXL,46,XL
150,x150,Activo,MAESTRANZA,ESTACION A,MAE,T/U,M,40,38,M,S,40,S
151,x151,Activo,SUPERVISOR,SERVICIO,SPTH-VIAL,T/U,XXXL,56,0,XXXL,XXXL,46,XXL
152,x152,Activo,MAESTRANZA,ESTACION A,MAE,T/U,M,44,40,M,M,40,M
153,x153,Activo,EV. SEGURIDAD VIAL,SERVICIO,AGV,T/U,L,46,0,L,L,40,L
154,x154,Activo,RADIOPERADOR,SERVICIO,CAE,T/U,XL,50,0,0,XL,41,XL
155,x155,Activo,TP COBRADOR,ESTACION A,CAJ,T/U,L,42,0,L,S,36,S
156,x156,Activo,TP COBRADOR,ESTACION A,CAJ,T/U,L,44,0,L,M,43,L
157,x157,Activo,TESORERO,ESTACION A,SPTH,T/U,XL,46,44,0,L,43,L
158,x158,Activo,TP COBRADOR,ESTACION A,CAJ,T/U,XS,34,0,XS,XS,35,XS
159,x159,Activo,SUPERVISOR ADMINISTRATIVO,COMERCIAL,ADMM-MDP,T/U,S,38,42,S,XS,37,S
160,x160,Activo,EV. SEGURIDAD VIAL,SERVICIO,AGV,T/U,M,42,0,M,M,40,M
161,x161,Activo,COBRADOR,ESTACION D,CAJ,T/U,XXXL,62,0,XXXL,XXXL,39,XXL
162,x162,activo,ADM. DE ESTACION,COMERCIAL,ADMM-MDP,T/U,M,42,48,M,M,37,M
163,x163,Activo,SEGURIDAD VIAL,SERVICIO,AGV,T/U,M,46,0,M,L,36,M
164,x164,Activo,COBRADOR,ESTACION D,CAJ,T/U,L,44,0,L,XL,42,XL
165,x165,Activo,SEGURIDAD VIAL,SERVICIO,AGV,T/U,XL,46,0,XL,L,41,L
166,x166,Activo,COBRADOR,ESTACION D,CAJ,T/U,S,40,0,S,S,36,XS
167,x167,Activo,COBRADOR,ESTACION D,CAJ,T/U,XXL,50,0,XXL,XXL,42,XXL
168,x168,Activo,COBRADOR,ESTACION D,CAJ,T/U,XL,50,0,XL,XL,44,XL
169,x169,Activo,JEFE DE ESTACION 2,ESTACION D,JEF-H,T/U,XL,46,44,XL,XL,42,XL
170,x170,Activo,TP COBRADOR,ESTACION D,CAJ,T/U,S,40,36,S,S,36,S
171,x171,Activo,EV. SEGURIDAD VIAL,SERVICIO,AGV,T/U,XXL,52,0,XXL,XXL,42,XXL
172,x172,Activo,SEGURIDAD VIAL,SERVICIO,AGV,T/U,L,42,0,L,L,42,L
173,x173,Activo,SEGURIDAD VIAL,SERVICIO,AGV,T/U,XXL,50,0,XXL,XXL,42,XXL
174,x174,Activo,SEGURIDAD VIAL,SERVICIO,AGV,T/U,M,44,0,M,XL,42,XL
175,x175,Activo,SEGURIDAD VIAL,SERVICIO,AGV,T/U,M,44,0,M,M,41,S
176,x176,Activo,SEGURIDAD VIAL,SERVICIO,AGV,T/U,L,44,0,L,XL,42,L
177,x177,Activo,SEGURIDAD VIAL,SERVICIO,AGV,T/U,XL,44,0,XL,XL,41,XL
178,x178,Activo,SUPERVISOR,ESTACION D,SPTH,T/U,XL,52,46,XL,XL,43,XL
179,x179,Activo,SUPERVISOR,ESTACION D,SPTH,T/U,L,42,40,L,L,42,L
180,x180,Activo,SUPERVISOR,ESTACION D,SPTH,T/U,XL,48,44,XL,XL,43,XL
181,x181,Activo,SUPERVISOR,ESTACION D,SPTH,T/U,XL,46,44,XL,XL,40,XL
182,x182,Activo,AUX. DE SUP. CONS.,CONSERVACION,SJU,T/U,XL,46,,,XXL,42,XL
183,x183,Activo,SUPERVISOR CONSERVACION,CONSERVACION,SJU,T/U,XL,46,,,XL,43,L
184,x184,Activo,COBRADOR,ESTACION C,CAJ,T/U,XL,48,44,L,XL,44,L
185,x185,Activo,TP COBRADOR,ESTACION C,CAJ,T/U,S,42,38,S,S,38,S
186,x186,Activo,COBRADOR,ESTACION C,CAJ,T/U,XS,34,34,XS,XS,36,XS
187,x187,Activo,COBRADOR,ESTACION C,CAJ,T/U,L,46,46,L,L,42,L
188,x188,Activo,COBRADOR,ESTACION C,CAJ,T/U,L,46,46,L,L,43,L
189,x189,Activo,COBRADOR,ESTACION C,CAJ,T/U,XXL,58,56,XXL,XXL,40,XXL
190,x190,Activo,COBRADOR,ESTACION C,CAJ,T/U,M,42,38,M,M,40,M
191,x191,Activo,COBRADOR,ESTACION C,CAJ,T/U,M,48,38,M,M,41,M
192,x192,Activo,JEFE DE ESTACION 3,ESTACION C,JEF-H,T/U,XXL,52,52,XXL,XXL,44,XL
193,x193,Activo,EV. SEGURIDAD VIAL,SERVICIO,AGV,T/U,L,42,0,L,L,41,L
194,x194,Activo,MAESTRANZA,ESTACION C,MAE,T/U,XL,46,44,XL,XL,41,XL
195,x195,Activo,MANTENIMIENTO,ESTACION C,MAN,T/U,L,46,42,L,L,45,L
196,x196,Activo,SEGURIDAD VIAL,SERVICIO,AGV,T/U,L,44,0,L,L,42,L
197,x197,Activo,SEGURIDAD VIAL,SERVICIO,AGV,T/U,L,44,0,L,L,41,L
198,x198,Activo,SEGURIDAD VIAL,SERVICIO,AGV,T/U,XXL,54,0,XXL,XXL,44,XXL
199,x199,Activo,SEGURIDAD VIAL,SERVICIO,AGV,T/U,XL,46,0,XL,XL,43,XL
200,x200,Activo,SEGURIDAD VIAL,SERVICIO,AGV,T/U,XL,48,0,XL,XL,43,XL
201,x201,Activo,MANTENIMIENTO,ESTACION C,MAN,T/U,L,44,42,L,L,42,L
202,x202,Activo,SEGURIDAD VIAL,SERVICIO,AGV,T/U,XL,44,0,XL,XL,45,XL
203,x203,Activo,SEGURIDAD VIAL,SERVICIO,AGV,T/U,XL,46,0,XL,L,43,L
204,x204,Activo,SUPERVISOR,ESTACION C,SPTH,T/U,XL,48,48,XL,XL,44,XL
205,x205,Activo,SUPERVISOR,ESTACION C,SPTH,T/U,XL,46,44,XL,XL,43,XL
206,x206,Activo,SUPERVISOR,ESTACION C,SPTM,T/U,XL,48,52,XL,L,38,L
207,x207,Activo,SEGURIDAD VIAL,SERVICIO,AGV,T/U,XL,48,0,XL,XL,42,XL
208,x208,Activo,JEFE DE ESTACION 4,ESTACION E,JEF-M,T/U,XS,38,36,XS,XS,36,XS
209,x209,Activo,COBRADOR,ESTACION E,CAJ,T/U,S,38,0,0,S,38,S
210,x210,Activo,TP COBRADOR,ESTACION E,CAJ,T/U,L,48,0,0,L,38,M
211,x211,Activo,EV. SEGURIDAD VIAL,SERVICIO,AGV,T/U,M,44,0,M,M,42,M
212,x212,Activo,TP COBRADOR,ESTACION E,CAJ,T/U,L,46,42,L,XL,44,XL
213,x213,Activo,SEGURIDAD VIAL,SERVICIO,AGV,T/U,XXXL,54,0,XXXL,XXXL,42,XXXL
214,x214,Activo,SEGURIDAD VIAL,SERVICIO,AGV,T/U,XXXL,50,0,XXXL,XL,40,XL
215,x215,Activo,SEGURIDAD VIAL,SERVICIO,AGV,T/U,L,46,0,L,L,41,L
216,x216,Activo,SEGURIDAD VIAL,SERVICIO,AGV,T/U,S,40,0,S,S,39,S
217,x217,Activo,SEGURIDAD VIAL,SERVICIO,AGV,T/U,XXL,54,0,XXL,XXL,42,XXL
218,x218,Activo,MANTENIMIENTO,ESTACION E,MAN,T/U,L,46,42,L,L,40,L
219,x219,Activo,SEGURIDAD VIAL,SERVICIO,AGV,T/U,L,46,0,L,L,41,L
220,x220,Activo,SEGURIDAD VIAL,SERVICIO,AGV,T/U,S,40,0,S,S,39,S
221,x221,Activo,SEGURIDAD VIAL,SERVICIO,AGV,T/U,L,46,0,L,L,41,L
222,x222,Activo,SEGURIDAD VIAL,SERVICIO,AGV,T/U,XXXL,52,0,XXXL,XXXL,43,XXXL
223,x223,Activo,SUPERVISOR,ESTACION E,SPTH,T/U,XXL,52,44,XL,XL,41,XL
224,x224,Activo,SUPERVISOR,ESTACION E,SPTH,T/U,XL,52,44,XL,XL,42,XL
225,x225,Activo,SUPERVISOR,ESTACION E,SPTH,T/U,L,50,42,L,L,42,L
226,x226,Activo,SEGURIDAD VIAL,SERVICIO,AGV,T/U,XXXL,54,0,XXXL,XXXL,43,XXXL
227,x227,Activo,COBRADOR,ESTACION E,CAJ,T/U,XS,38,0,0,XS,35,XS
228,x228,Activo,TP COBRADOR,ESTACION E,CAJ,T/U,XXL,52,0,0,XL,39,L
229,x229,Activo,TP COBRADOR,ESTACION E,CAJ,T/U,M,38,0,M,M,37,M
230,x230,Activo,EV. SEGURIDAD VIAL,SERVICIO,AGV,T/U,S,38,0,S,S,38,S
231,x231,Activo,TP. COBRADOR TEMP.,ESTACION E,CAJ,T/U,XXXL,56,0,0,XXL,40,XXL
232,x232,Activo,TP COBRADOR,ESTACION C,CAJ,T/U,M,42,38,M,M,42,M
233,x233,Activo,SEGURIDAD VIAL,SERVICIO,AGV,T/U,L,44,0,L,L,41,L
234,x234,Activo,TP. SUPERVISOR ADM. TEMP,ESTACION C,SPTH,T/U,M,44,42,M,L,42,L
235,x235,Activo,SUPERVISOR ADMINISTRATIVO,ESTACION C,SPTH,T/U,XL,46,44,XL,XL,42,XL
236,x236,Activo,SERVICIOS GRALES,ESTACION C,SEG,T/U,L,46,44,L,L,41,L
237,x237,Inactivo,COBRADOR,ESTACION C,CAJ,T/U,XXL,52,46,XXL,XXL,41,XXL
238,x238,Activo,TP. COBRADOR TEMP.,ESTACION D,CAJ,T/U,L,48,0,L,L,37,S
239,x239,Activo,TP COBRADOR,ESTACION D,CAJ,T/U,S,38,0,S,S,37,S
240,x240,Activo,EV. SEGURIDAD VIAL,SERVICIO,AGV,T/U,L,44,0,L,L,45,M
241,x241,Activo,COBRADOR,ESTACION E,CAJ,T/U,M,44,0,M,M,36,M
242,x242,Activo,SUPERVISOR,ESTACION E,SPTH,T/U,XXL,56,48,XXL,XXL,42,XXL
243,x243,Activo,SEGURIDAD VIAL,SERVICIO,AGV,T/U,XXXL,48,0,XXXL,XXL,43,XXL
244,x244,Activo,SEGURIDAD VIAL,SERVICIO,AGV,T/U,L,44,0,L,L,41,L
245,x245,Activo,SEGURIDAD VIAL,SERVICIO,AGV,T/U,L,46,0,L,L,41,L
246,x246,Activo,TP COBRADOR,ESTACION D,CAJ,T/U,M,46,0,M,M,36,M
247,x247,Activo,TP COBRADOR,ESTACION D,CAJ,T/U,XL,48,0,XL,XL,39,XL
248,x248,Activo,TP COBRADOR,ESTACION D,CAJ,T/U,XS,36,0,XS,XS,34,XS
249,x249,Activo,TP. COBRADOR TEMP.,ESTACION D,CAJ,T/U,M,42,0,M,XS,36,XS
250,x250,Activo,TP COBRADOR,ESTACION D,CAJ,T/U,XL,48,0,XL,XL,36,XL
251,x251,Activo,TP COBRADOR,ESTACION D,CAJ,T/U,XXL,54,0,XXL,XXL,46,XXL
252,x252,Activo,TP COBRADOR,ESTACION C,CAJ,T/U,XXL,52,44,XXL,XL,42,XL
253,x253,Activo,SEGURIDAD VIAL,SERVICIO,AGV,T/U,XL,50,0,XL,XL,41,XL
254,x254,Activo,TP COBRADOR,ESTACION D,CAJ,T/U,XS,38,0,XS,XS,37,XS
255,x255,Activo,TP. COBRADOR TEMP.,ESTACION D,CAJ,T/U,S,42,0,S,S,37,S
256,x256,Activo,TP. COBRADOR TEMP.,ESTACION D,CAJ,T/U,S,40,0,S,S,38,S
257,x257,Activo,EV. MAESTRANZA,ESTACION D,MAE,T/U,L,44,40,L,L,38,M
258,x258,Activo,TP. COBRADOR TEMP.,ESTACION D,CAJ,T/U,M,44,0,M,M,38,XS
259,x259,Activo,TP COBRADOR,ESTACION D,CAJ,T/U,M,44,0,M,M,37,S
260,x260,Activo,TP MANTENIMIENTO,ESTACION D,MAN,T/U,L,44,42,L,L,44,L
261,x261,Activo,EV. SEGURIDAD VIAL,SERVICIO,AGV,T/U,M,46,0,M,M,36,M
262,x262,Activo,SEGURIDAD VIAL,SERVICIO,AGV,T/U,L,46,0,L,L,42,L
263,x263,Activo,TP COBRADOR,ESTACION A,CAJ,T/U,XS,36,0,XS,S,38,S
264,x264,Activo,MAESTRANZA,ESTACION A,MAE,T/U,XL,48,44,XL,XL,42,XL
265,x265,Inactivo,COBRADOR,ESTACION A,CAJ,T/U,XL,48,0,XL,XL,42,XL
266,x266,Activo,SEGURIDAD VIAL,SERVICIO,AGV,T/U,L,44,0,L,L,41,L
267,x267,Activo,SEGURIDAD VIAL,SERVICIO,AGV,T/U,L,44,0,L,L,41,L
268,x268,Activo,MAESTRANZA,ESTACION A,MAE,T/U,M,42,42,M,M,38,M
269,x269,Activo,COBRADOR,ESTACION A,CAJ,T/U,M,42,0,M,M,38,M
270,x270,Activo,TP. COBRADOR TEMP.,ESTACION A,CAJ,T/U,XL,48,0,XL,XL,43,L
271,x271,Activo,TP. COBRADOR TEMP.,ESTACION D,CAJ,T/U,M,44,0,M,M,38,M
272,x272,Activo,SUPERVISOR ADMINISTRATIVO,ESTACION A,SPTH,T/U,XL,48,44,0,XL,42,L
273,x273,Activo,TP. COBRADOR TEMP.,ESTACION D,CAJ,T/U,M,42,0,M,M,38,M
274,x274,Activo,TP. COBRADOR TEMP.,ESTACION E,CAJ,T/U,S,38,0,0,S,36,S
275,x275,Activo,EV. SEGURIDAD VIAL,SERVICIO,AGV,T/U,M,46,0,M,L,41,M
276,x276,Activo,SUPERVISOR,ESTACION E,SPTH,T/U,XL,52,44,XL,XL,43,XL
277,x277,Activo,SEGURIDAD VIAL,SERVICIO,AGV,T/U,L,46,0,L,L,41,L
278,x278,Activo,TP COBRADOR,ESTACION C,CAJ,T/U,S,46,40,S,S,37,S
279,x279,Activo,SEGURIDAD VIAL,SERVICIO,AGV,T/U,XL,48,0,XL,XL,42,XL
280,x280,Activo,SEGURIDAD VIAL,SERVICIO,AGV,T/U,L,46,0,XL,XL,43,XL
281,x281,Activo,RADIOPERADOR,SERVICIO,CAE,T/U,M,42,0,M,M,42,M
282,x282,Activo,RADIOPERADOR,SERVICIO,CAE,T/U,XXL,52,0,0,XXL,43,XXL
283,x283,Activo,RADIOPERADOR,SERVICIO,CAE,T/U,L,44,0,0,L,41,L
284,x284,Activo,SEGURIDAD VIAL,SERVICIO,AGV,T/U,XXXL,54,0,XXXL,XXXL,45,XXXL
285,x285,Activo,SEGURIDAD VIAL,SERVICIO,AGV,T/U,XL,42,0,L,L,40,L
286,x286,Activo,EV. SEGURIDAD VIAL,SERVICIO,AGV,T/U,XS,38,0,XS,XS,36,XS
287,x287,Activo,TP MANTENIMIENTO,ESTACION D,MAN,T/U,XL,44,42,XL,XL,42,XL
288,x288,Activo,TP. COBRADOR TEMP.,ESTACION D,CAJ,T/U,XXL,50,50,XXL,XXL,39,XXL
289,x289,Activo,TESORERO,ESTACION D,SPTH,T/U,M,42,40,M,M,41,M
290,x290,Activo,TP. COBRADOR TEMP.,ESTACION A,CAJ,T/U,L,50,0,L,L,42,L
291,x291,Activo,COBRADOR TEMP.,ESTACION A,CAJ,T/U,S,44,0,S,S,39,S
292,x292,Activo,RADIOPERADOR,SERVICIO,CAE,T/U,XS,34,0,XS,XS,35,XS
293,x293,Activo,TP. COBRADOR TEMP.,ESTACION D,CAJ,T/U,S,40,0,S,S,40,S
294,x294,Activo,TP COBRADOR,ESTACION A,CAJ,T/U,XL,48,0,XL,L,41,L
295,x295,Activo,SEGURIDAD VIAL,SERVICIO,AGV,T/U,XL,50,0,XL,XL,42,L
296,x296,Activo,TOPOGRAFO,OFICINA,SJO,T/U,XL,46,,XL,XL,42,L
297,x297,Activo,MANTENIMIENTO,ESTACION D,MAN,T/U,L,44,40,L,L,41,L
298,x298,Activo,COBRADOR,ESTACION A,CAJ,T/U,XL,46,0,XL,XL,42,XL
299,x299,Activo,TP. COBRADOR TEMP.,ESTACION D,CAJ,T/U,M,42,0,M,S,38,S
300,x300,Activo,EV. MANTENIMIENTO,ESTACION D,MAN,T/U,L,48,40,L,L,41,L
301,x301,Activo,TP. COBRADOR TEMP.,ESTACION D,CAJ,T/U,M,42,0,M,M,38,M
302,x302,Activo,TP. COBRADOR TEMP.,ESTACION D,CAJ,T/U,XS,38,0,XS,XS,38,XS
303,x303,Activo,TP. COBRADOR TEMP.,ESTACION D,CAJ,T/U,XS,40,0,XS,XS,35,XS
304,x304,Activo,COBRADOR TEMP.,ESTACION D,CAJ,T/U,L,48,0,L,L,40,L
305,x305,Activo,EV. SEGURIDAD VIAL,SERVICIO,AGV,T/U,L,48,0,L,L,42,L
306,x306,Activo,TP. COBRADOR TEMP.,ESTACION D,CAJ,T/U,XXXXL,54,0,XXXL,XXXL,43,XXXL
307,x307,Activo,SEGURIDAD VIAL,SERVICIO,AGV,T/U,S,38,0,S,S,37,S
308,x308,Activo,TP COBRADOR,ESTACION C,CAJ,T/U,S,42,42,S,S,37,S
309,x309,Activo,TESORERO TEMP.,ESTACION A,SPTH,T/U,S,36,36,S,S,41,S
310,x310,Activo,EV. MAESTRANZA,ESTACION C,MAE,T/U,M,48,42,M,M,36,M
311,x311,Activo,SEGURIDAD VIAL,SERVICIO,AGV,T/U,L,44,0,L,L,41,L
312,x312,Activo,SUP. DE OBRAS,OFICINA,SJO,T/U,L,40,42,L,L,42,XS
313,x313,Activo,TP. COBRADOR TEMP.,ESTACION D,CAJ,T/U,M,42,0,M,L,41,M
314,x314,Activo,SUPERVISOR ADMINISTRATIVO,ESTACION D,ADMM,T/U,L,48,46,L,M,38,M
315,x315,Activo,SEGURIDAD VIAL,SERVICIO,AGV,T/U,L,44,0,L,L,37,M
316,x316,Activo,SUPERVISOR CONSERVACION,CONSERVACION,SJU,T/U,XL,44,,,XXL,41,XL
317,x317,Activo,TP COBRADOR,ESTACION D,CAJ,T/U,XL,48,0,XL,XL,42,XL
318,x318,Activo,TP. COBRADOR TEMP.,ESTACION A,CAJ,T/U,XS,36,0,XS,S,37,XS
319,x319,Activo,TP. COBRADOR TEMP.,ESTACION A,CAJ,T/U,S,40,0,S,S,38,S
320,x320,Activo,TP. COBRADOR TEMP.,ESTACION A,CAJ,T/U,S,38,0,S,S,38,S
321,x321,Activo,TP. COBRADOR TEMP.,ESTACION A,CAJ,T/U,XL,46,0,XL,XL,44,XL
322,x322,Activo,TP. COBRADOR TEMP.,ESTACION A,CAJ,T/U,XL,50,0,XL,L,42,L
323,x323,Activo,TP. COBRADOR TEMP.,ESTACION A,CAJ,T/U,XL,48,0,XL,XL,43,L
324,x324,Activo,COBRADOR TEMP.,ESTACION A,CAJ,T/U,S,40,0,S,S,42,S
325,x325,Activo,COBRADOR TEMP.,ESTACION A,CAJ,T/U,XS,40,0,XS,S,37,S
326,x326,Activo,TP. COBRADOR TEMP.,ESTACION D,CAJ,T/U,S,38,0,S,S,36,S
327,x327,Activo,SEGURIDAD VIAL,SERVICIO,AGV,T/U,XL,46,0,XL,XL,40,XL
328,x328,Activo,SUPERVISOR ADM TEMP,ESTACION C,SPTH,T/U,L,46,42,L,L,42,L
329,x329,Activo,TP. COBRADOR TEMP.,ESTACION A,CAJ,T/U,S,42,0,S,S,42,S
330,x330,Activo,EV. COBRADOR,ESTACION C,CAJ,T/U,XS,34,34,XS,XS,36,XS
331,x331,Activo,SEGURIDAD VIAL,SERVICIO,AGV,T/U,L,42,0,L,L,41,L
332,x332,Activo,COBRADOR TEMP.,ESTACION A,CAJ,T/U,S,42,0,S,M,42,M
333,x333,Activo,SEGURIDAD VIAL,SERVICIO,AGV,T/U,XL,48,0,XL,L,43,XL
334,x334,Activo,EV. MAESTRANZA,ESTACION E,MAE,T/U,S,40,38,S,S,38,S
335,x335,Activo,TP. COBRADOR TEMP.,ESTACION A,CAJ,T/U,XS,38,0,XS,S,37,S
336,x336,Activo,SERVICIOS GRALES,SERVICIO,SEG,T/U,XL,48,46,XXL,XXL,42,XXL
337,x337,Activo,TP. COBRADOR TEMP.,ESTACION D,CAJ,T/U,S,38,0,S,S,38,S
338,x338,Activo,TP. COBRADOR TEMP.,ESTACION D,CAJ,T/U,L,42,0,L,L,42,L
339,x339,Activo,TP. COBRADOR TEMP.,ESTACION D,CAJ,T/U,M,42,0,M,M,42,M
340,x340,Activo,EV. TP. COBRADOR,ESTACION A,CAJ,T/U,L,48,0,L,XL,44,XL
341,x341,Activo,EV. COBRADOR,ESTACION E,CAJ,T/U,S,40,0,0,S,37,S
342,x342,Activo,EV. SEGURIDAD VIAL,SERVICIO,AGV,T/U,M,50,0,M,M,40,M
343,x343,Activo,EV. COBRADOR,ESTACION C,CAJ,T/U,M,50,44,M,M,40,M
344,x344,Activo,TP. COBRADOR TEMP.,ESTACION A,CAJ,T/U,M,44,0,M,M,37,M
345,x345,Activo,TP. BANDERILLERO TEMP.,ESTACION A,BAN,T/U,XXXL,52,52,XXXL,XXXL,44,XXXL
346,x346,Activo,TP. COBRADOR TEMP.,ESTACION D,CAJ,T/U,S,38,0,S,S,37,S
347,x347,Activo,EV. TP. COBRADOR,ESTACION D,CAJ,T/U,M,44,0,M,M,40,M
348,x348,Activo,TP. COBRADOR TEMP.,ESTACION D,CAJ,T/U,S,38,0,S,S,42,S
349,x349,Activo,EV. SS. GRALES,ESTACION D,SEG,T/U,L,44,42,L,L,40,L
350,x350,Activo,EV. TP. COBRADOR,ESTACION D,CAJ,T/U,XS,38,0,XS,XS,36,XS
351,x351,Activo,EV. TP. COBRADOR,ESTACION A,CAJ,T/U,S,38,0,S,S,43,S
352,x352,Activo,EV. MAESTRANZA,ESTACION D,MAE,T/U,M,44,38,L,M,38,S
353,x353,Activo,TP. COBRADOR TEMP.,ESTACION D,CAJ,T/U,S,40,0,S,S,37,S
354,x354,Activo,SEGURIDAD VIAL,SERVICIO,AGV,T/U,XXL,52,0,XXL,XXL,43,XXL
355,x355,Activo,EV. COBRADOR,ESTACION A,CAJ,T/U,S,40,0,S,S,42,S
356,x356,Activo,TP. COBRADOR TEMP.,ESTACION D,CAJ,T/U,S,40,0,S,S,38,S
357,x357,Activo,COBRADOR,ESTACION A,CAJ,T/U,S,40,0,S,S,38,S
358,x358,Activo,TP. COBRADOR TEMP.,ESTACION A,CAJ,T/U,M,46,0,M,M,39,M
359,x359,Activo,EV. TP. COBRADOR,ESTACION A,CAJ,T/U,S,40,0,S,M,40,M
360,x360,Activo,EV. COBRADOR,ESTACION A,CAJ,T/U,S,38,0,S,M,41,M
361,x361,Activo,SEGURIDAD VIAL,SERVICIO,AGV,T/U,L,46,0,L,XL,41,XL
362,x362,Activo,EV. SEGURIDAD VIAL,SERVICIO,AGV,T/U,XL,44,0,XL,XL,45,XL
363,x363,Activo,EV SUPERVISOR ADM,ESTACION D,SPTH,T/U,L,46,42,L,L,43,L
364,x364,Activo,TESORERO,ESTACION D,SPTH,T/U,XXL,48,44,XL,XXL,44,XXL
365,x365,Activo,SERVICIOS GRALES,ESTACION D,SEG,T/U,L,48,46,L,L,41,L
366,x366,Activo,EV. SEGURIDAD VIAL,SERVICIO,AGV,T/U,XXL,52,0,XXL,XXL,42,XXL
367,x367,Activo,MAESTRANZA,ESTACION C,MAE,T/U,XXL,52,46,XXL,XXL,42,XXL
368,x368,Activo,EV. TP. COBRADOR,ESTACION D,CAJ,T/U,S,42,0,S,S,38,S
369,x369,Activo,TP. COBRADOR TEMP.,ESTACION D,CAJ,T/U,XXXL,54,0,XXXL,XXXL,45,XXXL
370,x370,Activo,EV. TP. COBRADOR,ESTACION D,CAJ,T/U,XS,40,36,XS,XS,38,XS
371,x371,Activo,EV. TP. COBRADOR,ESTACION D,CAJ,T/U,XS,44,0,XS,XS,38,XS
372,x372,Activo,EV. SEGURIDAD VIAL,SERVICIO,AGV,T/U,L,46,0,L,L,43,L
373,x373,Activo,EV. TP. COBRADOR,ESTACION D,CAJ,T/U,XS,42,0,XS,XS,38,XS
374,x374,Activo,EV. TP. COBRADOR,ESTACION A,CAJ,T/U,S,38,0,S,S,41,S
375,x375,Activo,TP. COBRADOR TEMP.,ESTACION A,CAJ,T/U,L,50,0,L,L,38,L
376,x376,Activo,TP. COBRADOR TEMP.,ESTACION A,CAJ,T/U,M,46,0,M,M,36,M
377,x377,Activo,EV. COBRADOR,ESTACION A,CAJ,T/U,M,44,0,M,M,39,M
378,x378,Activo,EV. TP. COBRADOR,ESTACION D,CAJ,T/U,M,48,0,M,M,40,M
379,x379,Activo,EV. COBRADOR,ESTACION C,CAJ,T/U,XS,34,36,XS,XS,36,XS
380,x380,Activo,EV. TP. COBRADOR,ESTACION D,CAJ,T/U,M,40,0,M,M,41,M
381,x381,Activo,EV. MAESTRANZA,ESTACION C,MAE,T/U,M,46,44,M,M,38,M
382,x382,Activo,EV. COBRADOR,ESTACION A,CAJ,T/U,M,40,0,M,M,42,M
383,x383,Activo,EV. SS. GRALES,ESTACION A,SEG,T/U,M,40,42,M,M,41,M
384,x384,Activo,JEFE DE CONSERVACION,CONSERVACION,SJU,T/U,M,40,,,L,42,L
385,x385,Activo,TESORERO,ESTACION B,SPTM,T/U,S,38,46,S,S,38,S
386,x386,Activo,TESORERO,ESTACION B,SPTM,T/U,S,38,44,S,XS,36,S
387,x387,Activo,SUPERVISOR,ESTACION B,SPTH,T/U,L,46,42,L,L,41,M
388,x388,Activo,TP COBRADOR,ESTACION D,CAJ,T/U,XL,52,0,XL,XL,42,XL
389,x389,Activo,SUPERVISOR,ESTACION B,SPTH,T/U,XL,46,44,XL,L,41,L
390,x390,Activo,SERVICIOS GRALES,ESTACION B,SEG,T/U,XXXXL,62,50,XXXXL,XXXXXL,43,XXXXL
391,x391,Activo,JEFE DE ESTACION 1,ESTACION B,JEF-H,T/U,XXXL,56,56,XXXL,XXXL,42,XXXL
392,x392,Activo,SUPERVISOR,ESTACION B,SPTH,T/U,XL,46,44,XL,XL,41,L
393,x393,Activo,SUPERVISOR,ESTACION B,SPTH,T/U,XXL,48,46,XXL,XXXL,44,XL
394,x394,Activo,SUPERVISOR,ESTACION B,SPTH,T/U,XXXL,58,48,XXXL,XXXL,43,XXXL
395,x395,Activo,SUPERVISOR ADMINISTRATIVO,COMERCIAL,ADMV-MDP,T/U,L,46,52,L,L,45,L
396,x396,Activo,SUPERVISOR CONSERVACION,CONSERVACION,SJU,T/U,L,44,,,XL,43,XL
397,x397,Activo,ADM. DE ESTACION,ESTACION B,ADMV,T/U,L,48,42,L,L,41,L
398,x398,Activo,MANTENIMIENTO,ESTACION B,MAN,T/U,XXXL,56,50,XXXL,XXL,46,XXXL
399,x399,Activo,MANTENIMIENTO,ESTACION B,MAN,T/U,L,46,42,L,L,42,L
400,x400,Activo,MANTENIMIENTO,ESTACION B,MAN,T/U,M,42,40,M,M,41,M
401,x401,Activo,MANTENIMIENTO,ESTACION B,MAN,T/U,XL,46,46,XL,XL,43,XL
402,x402,Activo,EV. SEGURIDAD VIAL,SERVICIO,AGV,T/U,XL,46,0,XL,XL,43,XL
403,x403,Activo,SEGURIDAD VIAL,SERVICIO,AGV,T/U,XXL,54,0,XXL,XXL,43,XXL
404,x404,Activo,EV. SEGURIDAD VIAL,SERVICIO,AGV,T/U,XL,46,0,XL,XL,42,XL
405,x405,Activo,SEGURIDAD VIAL,SERVICIO,AGV,T/U,XL,48,0,XL,L,41,L
406,x406,Activo,SERVICIOS GRALES,ESTACION B,SEG,T/U,XXXL,56,48,XXXL,XXXL,44,XXXL
407,x407,Activo,SEGURIDAD VIAL,SERVICIO,AGV,T/U,L,46,0,L,L,43,L
408,x408,Activo,EV. SEGURIDAD VIAL,SERVICIO,AGV,T/U,L,50,0,L,L,42,L
409,x409,Activo,MANTENIMIENTO,ESTACION B,MAN,T/U,XL,46,46,XL,L,40,L
410,x410,Activo,COBRADOR,ESTACION B,CAJ,T/U,M,44,no,M,M,41,M
411,x411,Activo,COBRADOR,ESTACION B,CAJ,T/U,S,40,no,S,XS,36,S
412,x412,Activo,COBRADOR,ESTACION B,CAJ,T/U,S,40,no,S,S,36,S
413,x413,Activo,COBRADOR,ESTACION B,CAJ,T/U,XL,46,no,XL,L,45,L
414,x414,Activo,COBRADOR,ESTACION B,CAJ,T/U,L,44,no,L,L,38,L
415,x415,Activo,COBRADOR,ESTACION B,CAJ,T/U,S,42,no,S,S,37,S
416,x416,Activo,ADM. DE ESTACION,COMERCIAL,ADMM-MDP,T/U,S,42,no,S,S,37,S
417,x417,Activo,COBRADOR,ESTACION B,CAJ,T/U,XL,48,no,XL,XL,42,M
418,x418,Activo,ADM. DE ESTACION,COMERCIAL,ADMV-MDP,T/U,L,44,52,L,L,42,L
419,x419,Activo,COBRADOR,ESTACION B,CAJ,T/U,XXXXXL,66,no,XXXXXL,XXXXXL,45,XXXXL
420,x420,Activo,COBRADOR,ESTACION B,CAJ,T/U,S,40,no,S,S,37,S
421,x421,Activo,COBRADOR,ESTACION B,CAJ,T/U,XL,48,no,XL,XL,40,XL
422,x422,Activo,COBRADOR,ESTACION B,CAJ,T/U,XXL,52,no,XXL,XXL,45,XL
423,x423,Activo,SEGURIDAD VIAL,SERVICIO,AGV,T/U,XXXL,60,0,XXXL,XXXL,44,XXXL
424,x424,Activo,COBRADOR,ESTACION B,CAJ,T/U,S,38,no,S,S,37,S
425,x425,Activo,COBRADOR,ESTACION B,CAJ,T/U,L,46,no,L,L,37,L
426,x426,Activo,COBRADOR,ESTACION B,CAJ,T/U,XL,44,no,XL,XL,41,L
427,x427,Activo,COBRADOR,ESTACION B,CAJ,T/U,M,42,no,M,M,42,M
428,x428,Activo,COBRADOR,ESTACION B,CAJ,T/U,M,40,no,M,M,35,M
429,x429,Activo,TP COBRADOR,ESTACION B,CAJ,T/U,L,44,no,L,L,42,L
430,x430,Activo,COBRADOR,ESTACION B,CAJ,T/U,L,42,no,L,L,41,L
431,x431,Activo,TP COBRADOR,ESTACION B,CAJ,T/U,S,40,no,S,S,37,S
432,x432,Activo,TP COBRADOR,ESTACION B,CAJ,T/U,M,44,no,M,M,39,M
433,x433,Activo,TP COBRADOR,ESTACION B,CAJ,T/U,M,44,no,M,M,37,M
434,x434,Activo,TP COBRADOR,ESTACION B,CAJ,T/U,XXL,56,no,XXL,XL,39,XL
435,x435,Activo,TP COBRADOR,ESTACION B,CAJ,T/U,M,52,no,M,M,37,M
436,x436,Activo,TP COBRADOR,ESTACION B,CAJ,T/U,XL,44,no,XL,XL,41,XL
437,x437,Activo,TP COBRADOR,ESTACION B,CAJ,T/U,XL,42,no,XL,L,38,L
438,x438,Activo,TP COBRADOR,ESTACION B,CAJ,T/U,L,44,no,L,M,41,L
439,x439,Activo,SUPERVISOR,SERVICIO,SPTH-VIAL,T/U,XXL,46,0,XXL,XL,41,XXL
440,x440,Activo,SEGURIDAD VIAL,SERVICIO,AGV,T/U,L,48,0,L,L,40,L
441,x441,Activo,SEGURIDAD VIAL,SERVICIO,AGV,T/U,XL,48,0,XL,XXL,43,XXL
442,x442,Activo,COBRADOR TEMP.,ESTACION B,CAJ,T/U,S,36,no,S,S,37,S
443,x443,Activo,TP COBRADOR,ESTACION B,CAJ,T/U,L,46,no,L,L,42,M
444,x444,Activo,TP. COBRADOR TEMP.,ESTACION B,CAJ,T/U,S,42,no,S,S,39,S
445,x445,Activo,COBRADOR TEMP.,ESTACION B,CAJ,T/U,M,42,no,M,L,42,M
446,x446,Activo,TP. COBRADOR TEMP.,ESTACION A,CAJ,T/U,M,38,0,M,M,40,M
447,x447,Activo,TP COBRADOR,ESTACION B,CAJ,T/U,XS,40,no,XS,XS,37,XS
448,x448,Activo,TP. COBRADOR TEMP.,ESTACION B,CAJ,T/U,S,40,no,S,S,37,S
449,x449,Activo,TP. COBRADOR TEMP.,ESTACION B,CAJ,T/U,M,42,no,M,S,35,S
450,x450,Activo,TP. COBRADOR TEMP.,ESTACION B,CAJ,T/U,XL,46,no,XL,XL,42,XL
451,x451,Activo,EV. SEGURIDAD VIAL,SERVICIO,AGV,T/U,XL,46,0,XL,XL,41,XL
452,x452,Activo,MAESTRANZA,ESTACION B,MAE,T/U,M,42,44,M,L,42,L
453,x453,Activo,TP. COBRADOR TEMP.,ESTACION B,CAJ,T/U,S,42,no,S,M,41,M
454,x454,Activo,EV. SEGURIDAD VIAL,SERVICIO,AGV,T/U,M,42,0,M,M,41,M
455,x455,Activo,COBRADOR TEMP.,ESTACION B,CAJ,T/U,XS,38,no,XS,XS,37,S
456,x456,Activo,COBRADOR TEMP.,ESTACION B,CAJ,T/U,S,38,no,S,S,39,S
457,x457,Activo,COBRADOR TEMP.,ESTACION B,CAJ,T/U,S,40,no,S,S,37,S
458,x458,Activo,TP. COBRADOR TEMP.,ESTACION B,CAJ,T/U,S,42,no,S,S,35,S
459,x459,Activo,TP. COBRADOR TEMP.,ESTACION B,CAJ,T/U,S,40,no,S,S,36,S
460,x460,Activo,COBRADOR TEMP.,ESTACION B,CAJ,T/U,XL,48,no,XL,XL,37,XL
461,x461,Activo,COBRADOR TEMP.,ESTACION B,CAJ,T/U,S,36,no,S,S,37,S
462,x462,Activo,COBRADOR TEMP.,ESTACION B,CAJ,T/U,S,40,no,S,S,39,S
463,x463,Activo,TP COBRADOR,ESTACION B,CAJ,T/U,S,40,no,S,S,42,S
464,x464,Activo,EV. SEGURIDAD VIAL,SERVICIO,AGV,T/U,XL,42,0,XL,XL,43,XL
465,x465,Activo,TP. COBRADOR TEMP.,ESTACION B,CAJ,T/U,S,40,no,S,S,37,S
466,x466,Activo,MANTENIMIENTO TEMP,ESTACION B,MAN,T/U,M,42,40,M,M,41,M
467,x467,Activo,TP. COBRADOR TEMP.,ESTACION B,CAJ,T/U,S,38,no,S,S,37,S
468,x468,Activo,TP. COBRADOR TEMP.,ESTACION B,CAJ,T/U,M,42,no,M,M,38,S
469,x469,Activo,SEGURIDAD VIAL,SERVICIO,AGV,T/U,XXL,60,0,XXL,XXXL,43,XXL
470,x470,Activo,SEGURIDAD VIAL,SERVICIO,AGV,T/U,L,46,0,L,L,41,L
471,x471,Activo,SEGURIDAD VIAL,SERVICIO,AGV,T/U,XXXL,54,0,XXXL,XXXL,44,XXXL
472,x472,Activo,EV. SEGURIDAD VIAL,SERVICIO,AGV,T/U,M,42,0,M,M,43,M
473,x473,Activo,TP. COBRADOR TEMP.,ESTACION D,CAJ,T/U,M,40,0,M,M,38,M
474,x474,Activo,TP. COBRADOR TEMP.,ESTACION B,CAJ,T/U,L,42,no,L,L,38,L
475,x475,Activo,EV. COBRADOR,ESTACION A,CAJ,T/U,XS,36,0,XS,S,38,XS
476,x476,Activo,EV. SEGURIDAD VIAL,SERVICIO,AGV,T/U,L,46,0,L,L,40,L
477,x477,Activo,TP. COBRADOR TEMP.,ESTACION B,CAJ,T/U,S,40,no,S,XS,36,XS
478,x478,Activo,MAESTRANZA,ESTACION E,MAE,T/U,L,48,42,XXL,XXL,40,XL
479,x479,Activo,EV. COBRADOR,ESTACION B,CAJ,T/U,S,46,no,S,S,37,S
480,x480,Activo,RADIOPERADOR,SERVICIO,CAE,T/U,XS,34,0,XS,XS,36,XS
481,x481,Activo,RADIOPERADOR,SERVICIO,CAE,T/U,XS,40,0,XS,S,37,S
482,x482,Activo,TP. COBRADOR TEMP.,ESTACION A,CAJ,T/U,XS,38,0,XS,S,37,S
483,x483,Activo,TP COBRADOR,ESTACION D,CAJ,T/U,M,44,0,M,M,40,M
484,x484,Activo,EV. COBRADOR,ESTACION A,CAJ,T/U,L,42,0,L,L,40,L
485,x485,Activo,EV. TP. COBRADOR,ESTACION A,CAJ,T/U,XS,38,0,XS,XS,39,XS
486,x486,Activo,EV. COBRADOR,ESTACION A,CAJ,T/U,S,42,0,S,S,38,S
487,x487,Activo,EV. COBRADOR,ESTACION A,CAJ,T/U,M,40,0,M,M,42,M
488,x488,Activo,EV. SS. GRALES,ESTACION A,SEG,T/U,XXL,44,44,XL,XL,42,L
489,x489,Activo,EV. COBRADOR,ESTACION A,CAJ,T/U,S,36,0,S,S,37,S
490,x490,Activo,EV. COBRADOR,ESTACION A,CAJ,T/U,S,38,0,S,S,38,S
491,x491,Activo,SEGURIDAD VIAL,SERVICIO,AGV,T/U,XL,48,0,XL,XL,41,XL
492,x492,Activo,MAESTRANZA TEMP,ESTACION B,MAE,T/U,XL,50,44,XL,XL,43,L
493,x493,Activo,ADM. DE ESTACION,SERVICIO,ADMV,T/U,L,44,44,0,L,42,L
494,x494,Activo,SEGURIDAD VIAL TEMP.,SERVICIO,AGV,T/U,L,46,0,L,L,40,L
495,x495,Activo,COBRADOR TEMP.,ESTACION D,CAJ,T/U,XS,36,0,XS,XS,35,XS
496,x496,Activo,EV. TP. COBRADOR,ESTACION A,CAJ,T/U,XS,36,0,XS,XS,37,XS
497,x497,Activo,EV. MAESTRANZA,ESTACION D,MAE,T/U,S,38,38,S,S,35,S
498,x498,Activo,EV. SS. GRALES,ESTACION A,SEG,T/U,M,40,42,M,M,39,M
499,x499,Activo,EV. COBRADOR,ESTACION A,CAJ,T/U,M,42,0,M,M,41,M
500,x500,Activo,EV. TP. COBRADOR,ESTACION A,CAJ,T/U,M,38,0,M,XS,40,XS
501,x501,Activo,EV. SEGURIDAD VIAL,SERVICIO,AGV,T/U,S,42,0,S,S,37,S
502,x502,Activo,EV. COBRADOR,ESTACION C,CAJ,T/U,S,40,48,S,S,37,S
503,x503,Activo,EV. COBRADOR,ESTACION A,CAJ,T/U,M,42,0,M,M,39,M
504,x504,Activo,EV. COBRADOR,ESTACION A,CAJ,T/U,M,40,0,M,M,40,M
505,x505,Activo,EV TESORERO,ESTACION D,SPTH,T/U,XXXL,50,46,XXXL,XXL,41,XL
506,x506,Activo,EV. MAESTRANZA,ESTACION A,MAE,T/U,XL,40,44,XL,XL,41,XL
507,x507,Activo,EV. MAESTRANZA,ESTACION B,MAE,T/U,XS,36,36,XS,XS,36,XS
508,x508,Activo,EV. COBRADOR,ESTACION E,CAJ,T/U,M,46,0,M,M,36,M
509,x509,Activo,EV. SEGURIDAD VIAL,SERVICIO,AGV,T/U,S,46,0,S,S,36,M
510,x510,Activo,EV TESORERO,ESTACION D,SPTH,T/U,XL,50,44,XL,XL,43,XL
511,x511,Activo,AUX. SUPERVISOR OBRAS,OFICINA,SJO-1,T/U,M,36,36,M,M,36,M
512,x512,Activo,AUX. SUPERVISOR OBRAS,OFICINA,SJO,T/U,L,44,44,L,L,43,L
513,x513,Activo,TP. RADIOPERADOR LOC.,RADIO AM,LOC,T/U,XL,48,0,0,XL,43,XL
514,x514,Activo,TP. RADIOPERADOR LOC.,RADIO AM,LOC,T/U,L,42,0,0,L,39,L
515,x515,Activo,EV. COBRADOR,ESTACION D,CAJ,T/U,L,44,0,L,L,39,L
516,x516,Activo,EV. COBRADOR,ESTACION D,CAJ,T/U,S,42,0,M,M,38,S
517,x517,Activo,EV. COBRADOR,ESTACION D,CAJ,T/U,XS,36,0,XS,XS,37,XS
518,x518,Activo,SUPERVISOR,COMERCIAL,SPTM-MDP,T/U,S,38,46,S,S,42,S
519,x519,Activo,ADM. DE ESTACION,COMERCIAL,ADMV-MDP,T/U,S,42,48,S,S,40,S
520,x520,Activo,ADM. DE ESTACION,COMERCIAL,ADMM-MDP,T/U,M,46,52,M,M,40,M
521,x521,Activo,ADM. DE ESTACION,COMERCIAL,ADMM-MDP,T/U,XS,36,42,XS,S,36,XS
522,x522,Activo,ADM. DE ESTACION,COMERCIAL,ADMM-MDP,T/U,XS,36,46,XS,S,38,S
523,x523,Activo,ADM. DE ESTACION,COMERCIAL,ADMV-MDP,T/U,M,42,48,M,M,41,S
524,x524,Activo,EV. COBRADOR,ESTACION B,CAJ,T/U,M,42,,M,M,37,M
525,x525,Activo,EV. COBRADOR,ESTACION B,CAJ,T/U,M,42,,M,M,41,M
526,x526,Activo,EV. SEGURIDAD VIAL,SERVICIO,AGV,T/U,S,40,0,S,S,39,S
527,x527,Activo,EV. MAESTRANZA,ESTACION A,MAE,T/U,XS,36,36,XS,S,36,S
528,x528,Activo,EV. SEGURIDAD VIAL,SERVICIO,AGV,T/U,L,44,0,L,L,44,L
529,x529,Activo,EV. COBRADOR,ESTACION C,CAJ,T/U,L,44,0,L,L,42,L
530,x530,Activo,EV. COBRADOR,ESTACION D,CAJ,T/U,M,42,0,M,M,37,M
531,x531,Activo,EV. COBRADOR,ESTACION B,CAJ,T/U,XXL,48,,XXL,XL,45,XL
532,x532,Activo,EV. COBRADOR,ESTACION D,CAJ,T/U,XL,48,0,XL,XL,42,XL
533,x533,Activo,EV. COBRADOR,ESTACION D,CAJ,T/U,M,48,0,M,M,40,M
534,x534,Activo,EV. SS. GRALES,ESTACION A,SEG,T/U,XS,36,38,XS,S,38,XS
535,x535,Activo,SEGURIDAD VIAL,SERVICIO,AGV,T/U,XL,46,0,XL,L,42,L
536,x536,Activo,EV. MAESTRANZA,ESTACION B,SEG,T/U,M,40,42,M,M,41,M
537,x537,Activo,EV. MANTENIMIENTO,ESTACION B,MAN,T/U,XL,44,46,XL,L,44,L
538,x538,Activo,EV. SEGURIDAD VIAL,SERVICIO,AGV,T/U,L,42,0,L,L,42,L
539,x539,Activo,EV. MAESTRANZA,ESTACION B,MAE,T/U,S,38,38,S,S,40,S
540,x540,Activo,RADIOP. LOCUTOR,RADIO AM,LOC,T/U,S,40,0,0,S,40,S
541,x541,Activo,AUX. SUPERVISOR OBRAS PF1,OFICINA,SJO,T/U,M,40,40,M,M,40,M
542,x542,Activo,AUX. SUPERVISOR OBRAS PF1,OFICINA,SJO,T/U,L,42,42,L,L,42,L
543,x543,Activo,AUX. SUPERVISOR OBRAS PF1,OFICINA,SJO,T/U,M,42,42,M,L,40,M
544,x544,Activo,AUX. SUPERVISOR OBRAS PF1,OFICINA,SJO-1,T/U,M,38,38,M,M,37,M
545,x545,Activo,EV. MAESTRANZA,ESTACION E,MAE,T/U,L,42,40,L,L,41,M
546,x546,Activo,EV. MAESTRANZA,ESTACION E,MAE,T/U,M,42,42,M,M,43,M
547,x547,Activo,EV. TP. BANDERILLERO,ESTACION A,BAN,T/U,M,40,42,M,M,41,M
548,x548,Activo,EV. COBRADOR,ESTACION D,CAJ,T/U,M,42,42,M,M,42,M
549,x549,Activo,PRODUCTOR R2,RADIO AM,PROD-R,T/U,XXL,,,,,,
550,x550,Activo,PRODUCTOR R2,RADIO AM,PROD-R,T/U,L,,,,,,
551,x551,Activo,EV. COBRADOR,ESTACION C,CAJ,T/U,XS,38,38,XS,XS,37,XS
552,x552,Activo,EV.  RADIOPERADOR,SERVICIO,CAE,T/U,XL,44,0,0,XL,39,XL
553,x553,Activo,EV.  RADIOPERADOR,SERVICIO,CAE,T/U,XS,36,0,XS,XS,35,XS
554,x554,Activo,EV.  RADIOPERADOR,SERVICIO,CAE,T/U,XS,38,0,XS,XS,36,XS
555,x555,Activo,EV. TP. MAESTRANZA,ESTACION D,MAE,T/U,M,44,42,M,L,41,L
556,x556,Activo,EV. MANTENIMIENTO,ESTACION D,MAN,T/U,XL,48,44,XL,XL,41,XL
557,x557,Activo,EV. SEGURIDAD VIAL,SERVICIO,AGV,T/U,M,44,0,M,M,41,M
558,x558,Activo,EV. SEGURIDAD VIAL,SERVICIO,AGV,T/U,M,46,0,M,M,41,M
559,x559,Activo,EV. COBRADOR,ESTACION E,CAJ,T/U,XXXL,58,0,0,XXL,46,XXL
560,x560,Activo,EV. COBRADOR,ESTACION E,CAJ,T/U,L,44,0,0,L,42,L
561,x561,Activo,EV. SS. GRALES,ESTACION E,SEG,T/U,L,44,44,L,L,43,L
562,x562,Activo,EV. COBRADOR,ESTACION E,CAJ,T/U,XS,36,0,0,S,36,S
563,x563,Activo,EV. RADIOP. LOCUTOR,RADIO AM,LOC,T/U,XL,48,0,0,XL,43,XL
564,x564,Activo,EV. COBRADOR,ESTACION E,CAJ,T/U,M,40,0,M,M,37,M
565,x565,Activo,EV. COBRADOR,ESTACION C,CAJ,T/U,L,50,44,L,L,38,L
566,x566,Activo,EV. TP. COBRADOR,ESTACION C,CAJ,T/U,L,50,44,L,L,38,L
567,x567,Activo,EV. MAESTRANZA,ESTACION C,MAE,T/U,L,48,40,L,L,42,L
568,x568,Activo,EV. MAESTRANZA,ESTACION A,MAE,T/U,M,42,42,M,M,37,M
569,x569,Activo,EV. SEGURIDAD VIAL,SERVICIO,AGV,T/U,XL,44,0,XL,XL,43,XL
570,x570,Activo,EV. COBRADOR,ESTACION B,CAJ,T/U,S,38,no,S,S,38,M
571,x571,Activo,EV. MAESTRANZA,ESTACION B,MAE,T/U,L,46,40,L,L,41,L
572,x572,Activo,EV. COBRADOR,ESTACION B,CAJ,T/U,S,40,no,S,S,39,M
573,x573,Activo,EV. MAESTRANZA,ESTACION B,MAE,T/U,L,44,40,L,L,43,L
574,x574,Activo,EV. COBRADOR,ESTACION B,CAJ,T/U,S,38,no,S,S,38,M
575,x575,Activo,EV. MAESTRANZA,ESTACION B,MAE,T/U,S,38,38,S,S,40,M
576,x576,Activo,EV. MAESTRANZA,ESTACION B,MAE,T/U,S,38,36,XS,S,38,S
577,x577,Activo,EV. COBRADOR,ESTACION B,CAJ,T/U,L,42,no,L,L,42,L
578,x578,Activo,EV. TP. COBRADOR,ESTACION B,CAJ,T/U,M,44,no,M,M,38,M
579,x579,Activo,EV. MANTENIMIENTO,ESTACION E,MAN,T/U,XL,48,46,XL,XXL,42,XL
580,x580,Activo,EV. COBRADOR,ESTACION D,CAJ,T/U,M,44,40,M,M,40,M
581,x581,Activo,EV. COBRADOR,ESTACION D,CAJ,T/U,S,38,0,S,S,37,S
582,x582,Activo,EV. COBRADOR,ESTACION D,CAJ,T/U,S,38,0,S,S,37,S
583,x583,Activo,EV. COBRADOR,ESTACION D,CAJ,T/U,M,40,0,S,M,40,S
584,x584,Activo,EV. COBRADOR,ESTACION D,CAJ,T/U,XL,46,0,XL,XL,38,XL
585,x585,Activo,EV. SEGURIDAD VIAL,SERVICIO,AGV,T/U,XL,44,0,XL,XL,41,XL
586,x586,Activo,EV. MAESTRANZA,ESTACION D,MAE,T/U,M,42,40,M,M,39,S
587,x587,Activo,EV. MAESTRANZA,ESTACION D,MAE,T/U,M,42,42,M,M,38,M
588,x588,Activo,EV. TP. SS. GENERALES,ESTACION D,SEG,T/U,L,50,44,L,M,42,L
589,x589,Activo,EV. COBRADOR,ESTACION B,CAJ,T/U,S,36,no,S,S,37,S
590,x590,Activo,EV. MAESTRANZA,ESTACION A,MAE,T/U,XL,48,42,XL,XL,40,XL
591,x591,Activo,EV. MAESTRANZA,ESTACION D,MAE,T/U,S,42,38,S,S,41,S
592,x592,Activo,EV. TP. BANDERILLERO,ESTACION A,BAN,T/U,L,40,40,L,L,41,L
593,x593,Activo,EV. COBRADOR,ESTACION C,CAJ,T/U,M,44,44,M,M,39,M
594,x594,Activo,EV. COBRADOR,ESTACION C,CAJ,T/U,M,40,44,M,M,39,M
595,x595,Activo,EV. COBRADOR,ESTACION C,CAJ,T/U,M,40,44,M,M,39,M
596,x596,Activo,EV. COBRADOR,ESTACION C,CAJ,T/U,M,42,44,M,M,43,L
597,x597,Activo,EV.  RADIOPERADOR,SERVICIO,CAE,T/U,M,36,0,M,S,38,M
598,x598,Activo,EV. MANTENIMIENTO,ESTACION E,MAN,T/U,XL,48,46,XL,XL,43,XL
599,x599,Activo,JR. TALLER,TALLER,MAVA-T,T/U,XXXL,52,,XXXL,XL,44,XL
600,x600,Activo,EV. MAESTRANZA,ESTACION E,MAE,T/U,M,42,40,M,M,39,M
601,x601,Activo,EV. TP. MAESTRANZA,ESTACION A,MAE,T/U,L,44,42,L,XL,36,L
602,x602,Activo,EV. MAESTRANZA,ESTACION B,MAE,T/U,L,46,40,L,XL,42,L
603,x603,Activo,EV. MAESTRANZA,ESTACION B,MAE,T/U,L,46,40,L,L,41,L
604,x604,Activo,EV. TP. COBRADOR,ESTACION D,CAJ,T/U,L,42,0,L,L,43,M
605,x605,Activo,EV. COBRADOR,ESTACION C,CAJ,T/U,M,38,44,M,M,37,M
606,x606,Activo,EV. MAESTRANZA,ESTACION B,MAE,T/U,M,42,38,M,M,38,M
607,x607,Activo,SERENO,CONSERVACION,MAVA,T/U,XXL,48,44,XXL,XXL,43,XXL
608,x608,Activo,SERENO,CONSERVACION,MAVA,T/U,XL,50,46,XL,XL,42,XL
609,x609,Activo,SERENO,CONSERVACION,MAVA,T/U,L,42,42,L,L,40,L
610,x610,Activo,SERENO,CONSERVACION,MAVA,T/U,XL,50,48,XL,XXL,42,XXL
611,x611,Activo,SERENO,CONSERVACION,MAVA,T/U,XXL,46,48,XXL,XXL,45,XXL
612,x612,Activo,70 SUP. DE OBRAS,OFICINA,SJO,T/U,L,42,42,L,L,42,S
613,x613,Activo,RESPONSABLE,CONSERVACION,SJU,T/U,M,42,,,L,42,L
